ruta,bytes,sha256
DATA-DICTIONARY.md,20383,c63c514fa7f7c0993b5c00b82b34160b04765cfcb285f909cc66b2adc81e2c40
DATA-PROVENANCE.md,4517,d5f78bac93b010fc0bb96e76c7d2c9e231a4b87883b24e73cf086ebda8437ec4
jacoco/ec.edu.uteq.sgroas/index.html,3090,0af811721bf1d86280c211219ed4bc772885d3b13ebfdf99c4ab6d42b4e4f028
jacoco/ec.edu.uteq.sgroas/index.source.html,3088,c825ff00ae6388e971325b80a8a7e9013a6a29bfdf055f9a6fdc7842e75518cb
jacoco/ec.edu.uteq.sgroas/SgroasApplication.html,3245,410d708ee942c56df8c681d36f185cbfc550d10f073ff6332e0acca6c58ad225
jacoco/ec.edu.uteq.sgroas/SgroasApplication.java.html,1640,c073e2bc76d914661a7ac88cf975482de9113fe252c0693f34d42255df22e305
jacoco/ec.edu.uteq.sgroas.abd.controller/AlertaAbdController.html,2768,6e416fe0c990d6878ce054c191c63610959ec63152298a7add69695b8e8f751a
jacoco/ec.edu.uteq.sgroas.abd.controller/AlertaAbdController.java.html,2274,3c5111d14a8113a916037f838115324c2da0e76d900b795ecf1641ebb62632e5
jacoco/ec.edu.uteq.sgroas.abd.controller/CatalogoAbdController.html,2771,fc74d57be515714a13ae7d8500809b12efda68aee3a99439e2cab45fbede6304
jacoco/ec.edu.uteq.sgroas.abd.controller/CatalogoAbdController.java.html,2064,93d6caec3ac223b6b7e0482e05baee56f903c5c8b407f40a54dde28d34dc344d
jacoco/ec.edu.uteq.sgroas.abd.controller/ConductorAbdController.html,2879,cda9df7a0206ac6c5bfd0943ad6d3c1b1e25a41694747b3037e4b8efba54e562
jacoco/ec.edu.uteq.sgroas.abd.controller/ConductorAbdController.java.html,2895,35e024d16b4d60fea5180e6e9c83078d09445c2dcc21f9120974f2feacd583ab
jacoco/ec.edu.uteq.sgroas.abd.controller/IncidenteAbdController.html,3826,a260d72d7b7e0794a5009e0b85cc5ff8f21eb87e4c708c8930380941a31c1e07
jacoco/ec.edu.uteq.sgroas.abd.controller/IncidenteAbdController.java.html,3023,6768c8f6178af6036dc350a7724187be7979258bd43c4c851bdbca0d62724b2c
jacoco/ec.edu.uteq.sgroas.abd.controller/index.html,7053,0a6c32544216bbb4039d4da564ef469284a205a758c20953e944cae31dbac90c
jacoco/ec.edu.uteq.sgroas.abd.controller/index.source.html,7128,3738bbd73b2bd3467d6cfd28ee0d4c2210c772ec4b1d9b788c7159e4bb334892
jacoco/ec.edu.uteq.sgroas.abd.controller/ProgramacionAbdController.html,3869,34baa4f92c1066f3db0bdefa122f029b63474dcb161ee546117740ab5e85e256
jacoco/ec.edu.uteq.sgroas.abd.controller/ProgramacionAbdController.java.html,3496,c9304cc05eb318409f324a7469a8aef7b34efedd76dd014873d56fbb7873ca05
jacoco/ec.edu.uteq.sgroas.abd.controller/ReporteAbdController.html,5782,53bdb7ce165def868cd4bbb074602fa3ce40d86a6fa747f9d385a60a50a47ab7
jacoco/ec.edu.uteq.sgroas.abd.controller/ReporteAbdController.java.html,3615,dc53a8d96d4733fcdefdb7b0e4c73248a64cb37be897a9646bd6d51e6fca2de2
jacoco/ec.edu.uteq.sgroas.abd.controller/RutaAbdController.html,4798,05bfc7890cd53df36a6c82388147cb5d7f731f30a19e8df4b38aa0c3b3e4751c
jacoco/ec.edu.uteq.sgroas.abd.controller/RutaAbdController.java.html,3413,1f16f1e920bea97612973a3e00c446190d62c22e8b18dbe7e049294f9f4452cc
jacoco/ec.edu.uteq.sgroas.abd.controller/UnidadAbdController.html,4820,884d6b5c9f5bd5568ae12c0a3f9e914d57092b619d610e2ce2ef118c5d2e7e10
jacoco/ec.edu.uteq.sgroas.abd.controller/UnidadAbdController.java.html,3502,984f4fea433d2c3069baf79acecdd1f5e051d2038d396a3eb4e0ac875d4d1696
jacoco/ec.edu.uteq.sgroas.abd.dto/AbdDtos$AlertaResponse.html,2811,ba7458bc8768ecd66f7e69412869cf451f7b195c79b6a84e64aec6103cb12d33
jacoco/ec.edu.uteq.sgroas.abd.dto/AbdDtos$CatalogosResponse.html,2804,5438414ec7edff76a18e37b324c55a9ec058989c544283601076369e76e69d84
jacoco/ec.edu.uteq.sgroas.abd.dto/AbdDtos$CiudadResponse.html,2802,81811efdb0279c0d90d0800515a6022ab0e2d1425c3dce5f0ce1167f23635206
jacoco/ec.edu.uteq.sgroas.abd.dto/AbdDtos$ConteoResponse.html,2779,c94513b79d1afbfb0140742f3a2858cea462a8a178bc6ead0f339de4a2655093
jacoco/ec.edu.uteq.sgroas.abd.dto/AbdDtos$IncidenteAbdRequest.html,2837,06ffa7474770a0bc1610f263f0a55ed2ac5b2afc5cdd9586db35aa8bd704cadf
jacoco/ec.edu.uteq.sgroas.abd.dto/AbdDtos$IncidenteAbdResponse.html,2867,9fb91d5f60a94dbd508636544dd241b47c0776361225189ab758bc9c4ff01259
jacoco/ec.edu.uteq.sgroas.abd.dto/AbdDtos$ProgramacionRequest.html,2856,93b86a1e9c13db81326e48180481524349644f8667626ed12afb2a58f8effdc4
jacoco/ec.edu.uteq.sgroas.abd.dto/AbdDtos$ProgramacionResponse.html,2893,8191e895e272105cf1913fc348e65c84419efc28bb45270aa9a1df18733aeaf8
jacoco/ec.edu.uteq.sgroas.abd.dto/AbdDtos$ProvinciaResponse.html,2793,ea71413abec7311a8b1940e761dcd03bdb85cc62e903775c530fc94745247e7c
jacoco/ec.edu.uteq.sgroas.abd.dto/AbdDtos$ResumenResponse.html,2821,d6e7cec74f4390ea50e7282d74f964e107c7169749de4ef972ca935c2130ebef
jacoco/ec.edu.uteq.sgroas.abd.dto/AbdDtos$RolResponse.html,2781,b022eacef2bf04f3f52875db0ad58e5cde830f5ab9f0e582aee64fdec86a3a0f
jacoco/ec.edu.uteq.sgroas.abd.dto/AbdDtos$RutaAbdRequest.html,2798,c8cc09684494ced15a1957746ab394a564e252d8c5a2d7e02bfa835a50d33359
jacoco/ec.edu.uteq.sgroas.abd.dto/AbdDtos$RutaAbdResponse.html,2833,862e3f69c51e13156eb569dcf6cb3503a00e8c9fec05ec2e4ccf129659e87be2
jacoco/ec.edu.uteq.sgroas.abd.dto/AbdDtos$TerminalResponse.html,2810,c8178232cb0f7fb8427aa16254446a3a0a75f3c752b207925cf9ee4908e3420e
jacoco/ec.edu.uteq.sgroas.abd.dto/AbdDtos$TopRutaResponse.html,2796,20c660d8ce9ec96c5e4ee14144a1606d278df74cd290f2456389854f60a54312
jacoco/ec.edu.uteq.sgroas.abd.dto/AbdDtos$UnidadRequest.html,2814,399a4071d9c2e3d860191fa87e3aafc381c6905b05bcb64c1f1ce0bc5825d78c
jacoco/ec.edu.uteq.sgroas.abd.dto/AbdDtos$UnidadResponse.html,2827,86c59f6ce5b46c622cba9e6450e06b1fb4e38a404451ab1639c782739087fb77
jacoco/ec.edu.uteq.sgroas.abd.dto/AbdDtos.java.html,6812,c1dc6ca92dd4dc8ede848135f5a802cb2cf39b797a9e0019da28dc28361ca8b1
jacoco/ec.edu.uteq.sgroas.abd.dto/index.html,12157,3e2ee929e9b693a49c831aa903933e679b5c784ca1874f4ae223be08d43671b0
jacoco/ec.edu.uteq.sgroas.abd.dto/index.source.html,3029,ef0b5c336296654c08814ae7147e863018105982fb5e3797ce0c68f0cbd7c537
jacoco/ec.edu.uteq.sgroas.abd.service/CatalogoAbdService.html,5833,a6102179aff8ab04a86285fa6fd5de92e6080f4b611dcb86da6182bfe4360dc0
jacoco/ec.edu.uteq.sgroas.abd.service/CatalogoAbdService.java.html,4480,7bdf86108577c591094e1e1719ea19e0f9edd87399bd87adb11f08e6b96e98e3
jacoco/ec.edu.uteq.sgroas.abd.service/IncidenteAbdService.html,5627,f3149b4e97f331681636f5100183263f12394f9f2df3d810ec18aa920bb26dfb
jacoco/ec.edu.uteq.sgroas.abd.service/IncidenteAbdService.java.html,7192,ae98377c7c0bef7603f18e65c94ee53239d0be3011943d2feb7c348f50646a71
jacoco/ec.edu.uteq.sgroas.abd.service/index.html,6216,602f9a2f273772c3512558adf90f046df1ed34c6cc3f1d66d7b57d84fff7cdb4
jacoco/ec.edu.uteq.sgroas.abd.service/index.source.html,6269,94deda8e8fc7fc9aecf5321708cb9983593ef04ca6c7ad1ddeac21fbddbf81dc
jacoco/ec.edu.uteq.sgroas.abd.service/ProgramacionAbdService.html,6824,0ea40f28608a782e36b333a042fe5807135620b6ee3561bc22bfaaf99c7e4278
jacoco/ec.edu.uteq.sgroas.abd.service/ProgramacionAbdService.java.html,7693,71a7017627ddb1f25d1a06be6a265e7d5995dadba478e0bf47b92e8edbb0a122
jacoco/ec.edu.uteq.sgroas.abd.service/ReporteAbdService.html,8979,9af83fd7689ab4b4222d2772682c78f345382c1b079280cc28d142e3d5a085c1
jacoco/ec.edu.uteq.sgroas.abd.service/ReporteAbdService.java.html,5919,9f0da7e4ef7613f6cb1bf4ba517854eec2af5986ead3629c8aa4d9f96c0853ac
jacoco/ec.edu.uteq.sgroas.abd.service/RutaAbdService.html,6639,0bd5110b94ddf6d4f2eadec15ad5fdf8de76d137255d24f0e50357ea649da0a6
jacoco/ec.edu.uteq.sgroas.abd.service/RutaAbdService.java.html,6310,351fc35069aebf31bce8b1217d9e41108266c5a17d2e68c738b71aff02541d2b
jacoco/ec.edu.uteq.sgroas.abd.service/UnidadAbdService.html,7795,ef5256ddcd05cffcdedab8083ed2699b110b76a40018d855523a7702cf618f53
jacoco/ec.edu.uteq.sgroas.abd.service/UnidadAbdService.java.html,8230,2b228b959584c0f6d7c4dfa98aed1c15818320e81c32eccc387746a8c1c10a6e
jacoco/ec.edu.uteq.sgroas.config/CacheConfig.html,3251,e30d8c1b96c32af043332b6913676e3f3d1263ff4eff5250368c252b68eeec0c
jacoco/ec.edu.uteq.sgroas.config/CacheConfig.java.html,3583,9ec6b929191ef5372e628789bc270256980614ddc234c6ea2cf4458828ae66e1
jacoco/ec.edu.uteq.sgroas.config/index.html,5313,041551a71473a0d00a48f8230d2ef9d82f1993713395ecc208637e0fea653ca1
jacoco/ec.edu.uteq.sgroas.config/index.source.html,5355,ea63319c4744c8a358574b21453906a28e3398072a41c92b64c80c45f226016f
jacoco/ec.edu.uteq.sgroas.config/OpenApiConfig.html,3234,493293556ca42545fc564ff1a823b99b058fac9d6d0e0fcc94d5b37189efe5da
jacoco/ec.edu.uteq.sgroas.config/OpenApiConfig.java.html,2831,e08e931169d83985b16530e6051a08f3bc4d318569497cb38bd1937cb6dadfdf
jacoco/ec.edu.uteq.sgroas.config/RedisConfig.html,3757,58e09a9bf11f3b40f254f9804d126c802e061d434b89375de8c9887f2861bda0
jacoco/ec.edu.uteq.sgroas.config/RedisConfig.java.html,2547,345f2b0e5cec4eb1ca224d1a53981d5f6639abe18507e58eb42f91add725df07
jacoco/ec.edu.uteq.sgroas.config/RenderDataSourceConfig.html,3839,a9edeaa48e500bc33eeed059387901066fd67774c1cb5ce4d32132e0a85a6a8f
jacoco/ec.edu.uteq.sgroas.config/RenderDataSourceConfig.java.html,3167,1a0eedc208780192020b2bb8c410290f838b063834d692fa35560e164f6293ad
jacoco/ec.edu.uteq.sgroas.config/SecurityConfig.html,9565,782a3bba80f30ed4fe392c19604e7f1c0f58d6b8973733d3c36dbf626351be0f
jacoco/ec.edu.uteq.sgroas.config/SecurityConfig.java.html,10535,f50680d667cc93ae129263f742fcf3aa55ada264a40f3a6be8ee09bcee2f5d8a
jacoco/ec.edu.uteq.sgroas.controller/AsignacionRutaController.html,4853,f2b2765681bc6f86626ecc486a13b9b6bccd619ec3e26c47459515d72b46f00e
jacoco/ec.edu.uteq.sgroas.controller/AsignacionRutaController.java.html,3546,dcdd1991c094eb74b1d2759cd8ee0a432cb78845e932f93465840ecbfc18c2ee
jacoco/ec.edu.uteq.sgroas.controller/AuthController.html,7684,59ceeb5d05857c5988cee974fabfeae6284e2fc66294bfde909d2041f979f729
jacoco/ec.edu.uteq.sgroas.controller/AuthController.java.html,12143,2341f3592a411ef9017be754e8948ad29e2ff55e71324aac0ca5c03a266f7599
jacoco/ec.edu.uteq.sgroas.controller/ConductorController.html,4811,d65a21031b210793915804d11b119380540a10b36dbb29dcb650f02ab60abd35
jacoco/ec.edu.uteq.sgroas.controller/ConductorController.java.html,3507,beb2d26ffbbf4245a1c36f8a9ef563335200351165ab9d9b8beed3ca032bcae7
jacoco/ec.edu.uteq.sgroas.controller/IncidenteController.html,4803,a34e176b255ea1e313946067d7c4afc1878e75d67d06c9b4054768ccd68828fa
jacoco/ec.edu.uteq.sgroas.controller/IncidenteController.java.html,3439,a1416ef65f079614e005cd19830c674a7d2780db363dbcdea88d41bcf8e04e58
jacoco/ec.edu.uteq.sgroas.controller/index.html,7293,bdb804d762ba97166f46386e7500e36e70ce02a7266da5e27234b2ab25129361
jacoco/ec.edu.uteq.sgroas.controller/index.source.html,7368,bc47bea8f3c1a55576ae0aed4541be4b2286334bb5dc2d46e9b0957eb40eaf64
jacoco/ec.edu.uteq.sgroas.controller/ReporteController.html,5832,055dd3711254818a36a19fa8130f48c87c1665fc0a9a5dd35625dafdb624c08a
jacoco/ec.edu.uteq.sgroas.controller/ReporteController.java.html,4568,8a463b1b63fe38a7e4fdb56daed02052810258400c8795d67366f9408343e995
jacoco/ec.edu.uteq.sgroas.controller/RutaController.html,4753,e50a0c0a2b114954c719e16498fb238f51f1a55b1a8e4eb67fa0e7b1e7396d20
jacoco/ec.edu.uteq.sgroas.controller/RutaController.java.html,3329,e811dbb9ea71af703db389f65d9ed58771407ff137ee1241487f00f70926291c
jacoco/ec.edu.uteq.sgroas.controller/UsuarioController.html,5293,472123aaf489b04c2da02bd6a99e988e4a43397b897f41651ba170eced6df306
jacoco/ec.edu.uteq.sgroas.controller/UsuarioController.java.html,3841,bf2dcbc7fec9a271927b8e6759c9ab5ef7824154cab75d69cb6bcfd7fa761bf4
jacoco/ec.edu.uteq.sgroas.controller/VehiculoController.html,4793,e6d4a9ec50e87ed25da57e75625114bb62d0bc789e513e152daca6c64d162562
jacoco/ec.edu.uteq.sgroas.controller/VehiculoController.java.html,3417,fccf79662cfd7eb96c704c568c4330553ab1bdd7d4662abfd141962d07d8f995
jacoco/ec.edu.uteq.sgroas.dto/AsignacionRutaRequest.html,2837,919991e8c923ad37ae553ed6ce9dd239b5deb807583a38b2c8129e6f2e21d2dd
jacoco/ec.edu.uteq.sgroas.dto/AsignacionRutaRequest.java.html,2042,2d567a7ce5e187dc2d43dc3debf7057b4ddaf6c3c79b4bc79053dbd66e0d43d5
jacoco/ec.edu.uteq.sgroas.dto/AsignacionRutaResponse.html,2899,23d044f5d46b98b6d189826d990ad7eae16f1f98fa0b05d876bbc52ee7bb98d3
jacoco/ec.edu.uteq.sgroas.dto/AsignacionRutaResponse.java.html,1789,d0e4aa92d4a9fa675579497a47107e3bdaa66f72877ddb9aabc442543d2b1edf
jacoco/ec.edu.uteq.sgroas.dto/AuthResponse.html,2787,09dde29d89cb9fa5a679ad76d7024b948302d01f984079dd5b923d96dda35938
jacoco/ec.edu.uteq.sgroas.dto/AuthResponse.java.html,1490,9a6b8ef2f9d812b427b044f6e151f30c98f2ba78edd025d2eb6c62ca40d418d0
jacoco/ec.edu.uteq.sgroas.dto/ConductorRequest.html,2829,493e0ad08b70c82f06945b44c0722c624d893f59264ced51f668d7120e4b4fe8
jacoco/ec.edu.uteq.sgroas.dto/ConductorRequest.java.html,3141,5c0553c73910fc3655ba9ce42722aa8b6c1844b28461c9b07af5c0fe5fcc9bc3
jacoco/ec.edu.uteq.sgroas.dto/ConductorResponse.html,2875,b21be0eaef0c0ba68c9b5e886eb4ca963a4172e74ec847a64e5b12dcc780eff2
jacoco/ec.edu.uteq.sgroas.dto/ConductorResponse.java.html,1773,637bfce2346bc324a7064c9944f2078e588ef5b2466c479c78a6715447b4fda4
jacoco/ec.edu.uteq.sgroas.dto/EmailRequest.html,2738,caa048cabe488a300a888a1dc88114ba3b925e2f347da5287ae209da2baab712
jacoco/ec.edu.uteq.sgroas.dto/EmailRequest.java.html,1562,a153dfc86a8e335940e331c9ad5940d33639b52bb11ef527e07e230a477d7895
jacoco/ec.edu.uteq.sgroas.dto/ErrorResponse.html,2785,65bf923123fe2fe912489c50ba4f05c9dd0dcf715a82b6c9c53b699e935a5d54
jacoco/ec.edu.uteq.sgroas.dto/ErrorResponse.java.html,1532,95ffb02753c8a9814a5c0312df8b743be683c0cf6a8c7a65d49e6107a8400827
jacoco/ec.edu.uteq.sgroas.dto/IncidenteRequest.html,2822,a3d610e0cfa4326351be475a65d252acd86d19dafc357f1ac41ade5dc097fd8f
jacoco/ec.edu.uteq.sgroas.dto/IncidenteRequest.java.html,2413,e7a769a156339e2061ceace550814a87a5b671370f4acb6533e75a8ffd8126b1
jacoco/ec.edu.uteq.sgroas.dto/IncidenteResponse.html,2860,85052e59319982058abce2fdb4f16b685798f4319ff580488d45ec05aef18b75
jacoco/ec.edu.uteq.sgroas.dto/IncidenteResponse.java.html,1712,72c0a5b6ea85794293a7533b2ec869a75433de8ee3f32c63bed0516d628fdc7c
jacoco/ec.edu.uteq.sgroas.dto/index.html,13085,5a1b29a042c8912e947aaffb17641a53148e9b510d2a2c65214aa7e396e21d5e
jacoco/ec.edu.uteq.sgroas.dto/index.source.html,13281,bea4243732d8c4b206e024ccf40329894770ee6d89e02a95f94ff9a09910f932
jacoco/ec.edu.uteq.sgroas.dto/LoginRequest.html,2746,f9ec9875d88d4ded9e983d7a5242cfb9a1d0c214c2f15143056b39f796bf1bf0
jacoco/ec.edu.uteq.sgroas.dto/LoginRequest.java.html,1672,c3cddaab2d62d4374e055132452d6195be41ab4d210b59d19a7aa056f73292ed
jacoco/ec.edu.uteq.sgroas.dto/RefreshTokenRequest.html,2773,6334ab1dcfb208ee5e34c76ce1b19527530ae29d590e55ef961478fbae07553e
jacoco/ec.edu.uteq.sgroas.dto/RefreshTokenRequest.java.html,1498,d7929e6190e111c535bfb4e7b645de9f0fc90e0b1ed92d74072cdb16d020ee6b
jacoco/ec.edu.uteq.sgroas.dto/RegisterRequest.html,2784,e94dad9f3d107c87f5b91145f82a11f49a7123fd816362294f21a4ac902a8735
jacoco/ec.edu.uteq.sgroas.dto/RegisterRequest.java.html,2221,e9e31fd770568a3190c6c6bf7e17074dc0a76788e282357999d767b6aa020a17
jacoco/ec.edu.uteq.sgroas.dto/RestablecerContrasenaRequest.html,2837,d72d4f6bcd6cabfcd7b72a070e9fd0d8aa25762447984149bec2e60f5a6b3a56
jacoco/ec.edu.uteq.sgroas.dto/RestablecerContrasenaRequest.java.html,2118,e665c21c3587d7e84de9d69fab200aed2e529231755db12b8edf42d857308cab
jacoco/ec.edu.uteq.sgroas.dto/RutaRequest.html,2785,a22e1e228a1f92002e73dcafd2e82611a2c8375eea520c4a313457577d5d4256
jacoco/ec.edu.uteq.sgroas.dto/RutaRequest.java.html,2550,79bef11edd4720c42e40e969428c9d6e7e4889067318eb138b1aa92e3686427a
jacoco/ec.edu.uteq.sgroas.dto/RutaResponse.html,2823,677796c8206b2c1d4938149e6612aab6055bfe5fe1114d0327e6f8ebe6dec46d
jacoco/ec.edu.uteq.sgroas.dto/RutaResponse.java.html,1624,473a93d32dff6442cd3d3384c63cb4a0a8177c36568b9b51a8907d56d7b678c7
jacoco/ec.edu.uteq.sgroas.dto/UsuarioRequest.html,2775,4538cc06cda9932f67bbdf01c2c8a9dd87ea65b36e80f9d64c4d4033c2101f4f
jacoco/ec.edu.uteq.sgroas.dto/UsuarioRequest.java.html,2123,8d6b199118330b33b5d4bab95c5ccf3fcc0e84795a3acce69b95d7128b4a51b8
jacoco/ec.edu.uteq.sgroas.dto/UsuarioResponse.html,2805,afec02b40b7836b1181c17ba28037d5499e465413ef28ad4a2c24e19f819e67c
jacoco/ec.edu.uteq.sgroas.dto/UsuarioResponse.java.html,1520,b3b4fbb5fa99d887e69a11ac43e73f69b5e366f666278019bfb223f76bcc54cf
jacoco/ec.edu.uteq.sgroas.dto/VehiculoRequest.html,2822,75af490375c364ee420b3da58bdde06558fee9b45c54fae8bdf305e74ca4d72a
jacoco/ec.edu.uteq.sgroas.dto/VehiculoRequest.java.html,2830,361a19d88a3d8a6acc5cd0a50253021642e8a38c212712ceae405b84490b82ae
jacoco/ec.edu.uteq.sgroas.dto/VehiculoResponse.html,2860,8ab9c4470073625bd4bb883ae824d1e6fe0a2c693cfc12edb88b45a4464e6806
jacoco/ec.edu.uteq.sgroas.dto/VehiculoResponse.java.html,1686,29ac46628eac8d2f32df0fdfd85adb6dd6ea119a1d316682bd39a701157214ae
jacoco/ec.edu.uteq.sgroas.dto/VerificarEmailRequest.html,2791,4fe1f1568cacfb4ef3d766870e4e4fdc5e94ec510b184fc0736bb7aebf27d0f0
jacoco/ec.edu.uteq.sgroas.dto/VerificarEmailRequest.java.html,1835,7376ed8a9c8c7e62135d7281b78bf9034a8d9af7df078215a3d026afdf784fee
jacoco/ec.edu.uteq.sgroas.entity/EstadoAsignacion.html,2752,cee508c4486265415cf61b1d3e286839684cda490f1311c96a81c422e9d00578
jacoco/ec.edu.uteq.sgroas.entity/EstadoAsignacion.java.html,1474,c2d43cdd0492c6b6f6a8186b34dd9308081ae515122f142f6ba8cd191b7d57ec
jacoco/ec.edu.uteq.sgroas.entity/EstadoConductor.html,2748,eb928a116d0ebbba22a2a57208a75199a117fcb5590014d47ca3aed1066929a1
jacoco/ec.edu.uteq.sgroas.entity/EstadoConductor.java.html,1469,3beb3ed523389fc9bca9e7b8ec77f619a966b379a405964c0a15bbf645aee54e
jacoco/ec.edu.uteq.sgroas.entity/EstadoIncidente.html,2748,c3826a12df068bd61d82a91572239751282e0b3eb57e599e83af77d35b057b21
jacoco/ec.edu.uteq.sgroas.entity/EstadoIncidente.java.html,1523,e342036ab472fe9607d67ea568b5f981a8326cb5c13670e5378c604900f224ee
jacoco/ec.edu.uteq.sgroas.entity/EstadoRuta.html,2728,fcb87e1f77e828dd4b8f9739100ca2c703de86e26ef72e7bb2b395fa0cf53ede
jacoco/ec.edu.uteq.sgroas.entity/EstadoRuta.java.html,1401,84e963d4eda5c65606eb92864b891b225d5d8ef7a0012ce891c13ed59b87853f
jacoco/ec.edu.uteq.sgroas.entity/EstadoVehiculo.html,2744,36b8f543b0154734433f341209d2aaca0c7daa47143f1e7bdca0e57ae7e9dbdd
jacoco/ec.edu.uteq.sgroas.entity/EstadoVehiculo.java.html,1480,29558ac1be8d775dc6c4fff497e160a56948c7a26f887e59346dcbfb0e653789
jacoco/ec.edu.uteq.sgroas.entity/GravedadIncidente.html,2756,d55b1fc7b94e0e478cdccb143d6359b71bdafcfa0357ad52463b39d62c2b5acd
jacoco/ec.edu.uteq.sgroas.entity/GravedadIncidente.java.html,1511,a065b32df27fce8032e5e9f2083fa2f1263e8cd8bd35e3c1beff64e30d03bf36
jacoco/ec.edu.uteq.sgroas.entity/index.html,6847,54f8f54624a6cb0d97321c4e5e7caccbdb6b74123a4b902aee3a4bd62b84ddba
jacoco/ec.edu.uteq.sgroas.entity/index.source.html,6922,ffe5b8c1d6e05dc5934c8e03c037300af952ae04b65db0069e7d57ca3573a72a
jacoco/ec.edu.uteq.sgroas.entity/Rol.html,2700,1f23af55bb078458192c5827807eb251aa1f93e3796c59ff07fd0ececa385255
jacoco/ec.edu.uteq.sgroas.entity/Rol.java.html,1488,aae26bae9018b44af653ff2680abc57e0df116553e6f7215855008c0b938b355
jacoco/ec.edu.uteq.sgroas.entity/TipoIncidente.html,2740,8c19ff07493a886652ac85f763ef1c3a4cee80640b0b7a6f6b47b1f4ecd06307
jacoco/ec.edu.uteq.sgroas.entity/TipoIncidente.java.html,1556,90a35da398569380b53f3b69331be9fee806279923154896005ee86b4eae68cf
jacoco/ec.edu.uteq.sgroas.exception/CorreoNoVerificadoException.html,2819,8543109572d35af2c3c3600b05756ce5d0f7aac848088c786417f23128d6dd60
jacoco/ec.edu.uteq.sgroas.exception/CorreoNoVerificadoException.java.html,1608,f24ae75c9f476c43c913e6f9e58ca8393e996d8720d47550981861c7aff08049
jacoco/ec.edu.uteq.sgroas.exception/GlobalExceptionHandler.html,6681,bfab0cfb9a1aa7f2a0b0b84492901d6256ec75bc9ba22dc0c5bb22265bbdcf43
jacoco/ec.edu.uteq.sgroas.exception/GlobalExceptionHandler.java.html,7264,29ae92fb507c1051809c93fad62e12211d7ac5525d1d62d17223f518734ced31
jacoco/ec.edu.uteq.sgroas.exception/index.html,3713,f6c59bafc461eee9804be79379ddbefa40cd78f355a2a7d3ca5cfb0bef1eac97
jacoco/ec.edu.uteq.sgroas.exception/index.source.html,3722,be92a8d011b11f24fa8f493c48c1301bab2c392c5ebb458dbedda3eea39222af
jacoco/ec.edu.uteq.sgroas.security/CustomUserDetailsService.html,3320,e4a560aeac415b6991fddbb6c3eea0ef2272a9301fe3f7fae29a2963b151e285
jacoco/ec.edu.uteq.sgroas.security/CustomUserDetailsService.java.html,2771,2604a271e7575c28ac7a8de2c6c48b32cbdf8e2374d9f7e145fcd6ad61109fb9
jacoco/ec.edu.uteq.sgroas.security/index.html,5417,9910aedeb14faa7180ecddc36da1d7391967a94162c73cc1e52a3c0415d19481
jacoco/ec.edu.uteq.sgroas.security/index.source.html,5448,88bf288ea06477ec034b210028f4ccfaf6da03ad44212dba0b09482efbcfadd6
jacoco/ec.edu.uteq.sgroas.security/JwtAuthenticationFilter.html,3606,ec148c9e957170372d1e8b44c8031257cac16ae99ef6958b4522eb3c63ba0dc4
jacoco/ec.edu.uteq.sgroas.security/JwtAuthenticationFilter.java.html,6148,a0950dcf9f162aac45eb4ae3a181ebeeef43b889b5c024a4dbc23fd010bcb28f
jacoco/ec.edu.uteq.sgroas.security/JwtService.html,7906,10f6313fbcf64730cfb3439aa9adfe901b807854ec31adad12e349b841194ed7
jacoco/ec.edu.uteq.sgroas.security/JwtService.java.html,5060,659c1e437e5cdf2f8f717bf095b4145bc41929d055304173a13e5fad8814a2bb
jacoco/ec.edu.uteq.sgroas.security/LoginRateLimiter.html,5160,e6185104772fe5e8f07acb9d8752bc54dc009a43273078d73533b6b0a4eff0d6
jacoco/ec.edu.uteq.sgroas.security/LoginRateLimiter.java.html,3129,cfcea7b329b0599860a46a0bf697da1a8982f9306addafcde4ed9fe6adb62627
jacoco/ec.edu.uteq.sgroas.service/AsignacionRutaService.html,10508,f6602559ff923d122db3b0fb4f34644b109cccd3f6969fc1d2d40b39ada929ae
jacoco/ec.edu.uteq.sgroas.service/AsignacionRutaService.java.html,10440,e347e793229599071efa90662b48a57fa602d00e7b33870444f236827af92c9d
jacoco/ec.edu.uteq.sgroas.service/AuthService.html,11286,93f734d7ab979b3b5520b1e9bc1d4251785a90c398f9b1db34f24478c80edd7e
jacoco/ec.edu.uteq.sgroas.service/AuthService.java.html,9754,dff99cf34ca3db17f85a2134c5058597be58ae4aa535f4e51bb689908bfab892
jacoco/ec.edu.uteq.sgroas.service/CodigoVerificacionService$Tipo.html,2805,b526beea638f10e088272f825604c588c47724a85ca9f6e7446ceb670c47f56c
jacoco/ec.edu.uteq.sgroas.service/CodigoVerificacionService.html,6132,4ee063de46bbd3a42f53ee83360f5e437a55a136f8633aa5ca7b3fcc6473191b
jacoco/ec.edu.uteq.sgroas.service/CodigoVerificacionService.java.html,6806,294724220c567599c405ca26cc5e7231eaf6953263d6e2f5c12549f7727a0cbb
jacoco/ec.edu.uteq.sgroas.service/ConductorService.html,9118,740545b95de9511c73ac8ceeff79ef00b7b33f7d20abeb79995cb43d789530dd
jacoco/ec.edu.uteq.sgroas.service/ConductorService.java.html,10353,124181f77ea4e682303e4346a328c186fd82674b27b38ec503039e7d6dcb012e
jacoco/ec.edu.uteq.sgroas.service/EmailService.html,6559,5ed31a7637ba3fe9f5e7ef43ca476f179f42aa3775ab4b271f0417fdc871868e
jacoco/ec.edu.uteq.sgroas.service/EmailService.java.html,8459,c45919153a845b699744ed1ea2fc2f738f08ecd2d4b1794e8c7356a513ac5e72
jacoco/ec.edu.uteq.sgroas.service/IncidenteService.html,9397,38531d419613b41b680f7a343a7730888b4cd8eb0b380011569fc5652c1dc0c6
jacoco/ec.edu.uteq.sgroas.service/IncidenteService.java.html,9621,944397b80383fc38c8c08a412d8a443c63ca14732b675243adf6c5be7fa16e38
jacoco/ec.edu.uteq.sgroas.service/index.html,10934,9ad02c943c16ec613b5acfa34edcbfcc0985687ce2271c7c26da3bed9fde38ef
jacoco/ec.edu.uteq.sgroas.service/index.source.html,10453,9c3cda748e077a38166cdbf310bb9c8545562318831941f78d5c9c83d18a2b12
jacoco/ec.edu.uteq.sgroas.service/ReporteService.html,10090,be528f5ab49db0cbba245097045838421af8e47ca320359c125d2000c8658de4
jacoco/ec.edu.uteq.sgroas.service/ReporteService.java.html,8675,20c6a7b55e988cd10f50f919597bb187ae3a1b0ec643e77adbd27178b8c2426a
jacoco/ec.edu.uteq.sgroas.service/RutaService.html,7517,548e43b94560a4dc5ef7f005beb4357e1830f6ce7e4553069f56c09f0ddf4b20
jacoco/ec.edu.uteq.sgroas.service/RutaService.java.html,7974,8e70eb7075d817377499d2a9e291efbae5a454f1b593187106ac9837f2adb4b1
jacoco/ec.edu.uteq.sgroas.service/TokenService.html,4994,d966efc471ba9a3f598439f349d04dc43b2fad2f63cc50fbd353d7831954c9a3
jacoco/ec.edu.uteq.sgroas.service/TokenService.java.html,4220,954ca61c953349cb92d9ec376d50f310d2f8531e33c40f94bcee9e15fabea5cc
jacoco/ec.edu.uteq.sgroas.service/UsuarioService.html,9142,dd8464c3fde21d1ee8bd5ef54d02e77a7ad0db4912670b91205df392a5e5dc88
jacoco/ec.edu.uteq.sgroas.service/UsuarioService.java.html,8135,a34f7420c71ddd8b7f480db5f99e1e5baecdabcb226f71a03a4367f71d74213c
jacoco/ec.edu.uteq.sgroas.service/VehiculoService.html,7591,0ad0aab2da0b00cbaa04bd02b53f4b6b7fe74ceaf52e1e996bab072a38a7b9a5
jacoco/ec.edu.uteq.sgroas.service/VehiculoService.java.html,8779,f5a74589ecaaef88503ebecfa146f11c1bdadd5d2152a0268a2fdef69e32a9ba
jacoco/index.html,9492,058ad14ce6e474cba758682f2608bb474aac614c8ab924ff8e1e80b809fd7b3b
jacoco/jacoco-resources/branchfc.gif,91,a90e2acee1486fcc06a9dc77dc3a2c7d1103f9f65a9c833834c22079ca446d76
jacoco/jacoco-resources/branchnc.gif,91,cfd1d5ad1e939c895fc6c3a4b621f5b4bec61a4b71f8386d3520f0920930ba1f
jacoco/jacoco-resources/branchpc.gif,91,a419dc4732e7c225b409bfd5457263de4f20b6aa9737f4636f6dfad36b194b1d
jacoco/jacoco-resources/bundle.gif,709,22656fa2e683f8e5f7adae31f091ce045fc91f042a8fed82ee7a05fc4029e0c2
jacoco/jacoco-resources/class.gif,586,7ad9ac2c3f87d220f46d077e1b03d743ba45084cbbbccc2577e18c167f0fb2b1
jacoco/jacoco-resources/down.gif,67,69233accdde9fbbeef01a6bb5c117a4af85f24f7312054bccbeb0f64b7bb437c
jacoco/jacoco-resources/greenbar.gif,91,a29475aae8c0a107bc41459eb2ca079bc34fc5092f107a78a287c4864b325791
jacoco/jacoco-resources/group.gif,351,eb39f2e57cabfd740ab8d0c5fb4b26fc5ca71b334e2cfc8d6481c34842b4c360
jacoco/jacoco-resources/method.gif,193,6308ea5fba7f5e989f67e3e9bb3366f0cb4c90ab72e838af7ff813aca5aac487
jacoco/jacoco-resources/package.gif,227,82577b6b416bbf65cc99bc1c249e6462ae4ac708687fe2e1428b610c049300c2
jacoco/jacoco-resources/prettify.css,323,2247d0cf27cb7fd9cd850eb33444c059f261eb63a718c26b8f357a938401c5f9
jacoco/jacoco-resources/prettify.js,59057,743c6c4cab9499cd0bfe18a5a62281eccce843f47ec75eedb32eeb29c755aa68
jacoco/jacoco-resources/redbar.gif,91,906ce7fcec0fbac1a26c16521e375f020a513f0cf87888766b69c4bf63f4d9bd
jacoco/jacoco-resources/report.css,4046,0c464ff9ce9154fdf1a041b0efed7bc31da4a4c9744249d8ffa6b80f1c36ed9e
jacoco/jacoco-resources/report.gif,363,c765cafa65ec9a3c221b46062c6ef691f2dd5ff25628ee2c65cc9fe0b74aeea6
jacoco/jacoco-resources/session.gif,213,1ec062e347bc7db837b9471b6c6128e1d0a5ae8d4c6a2eaa8fee4d5cb6441dab
jacoco/jacoco-resources/sort.gif,58,1875d39ff1be841991aa768486f1bcfc0ca02969323e2d2ec52ec156bb5cf240
jacoco/jacoco-resources/sort.js,3955,64407e72c5097000e41f9da4ac9a04131b8ec9479ca8987a5f5d5f2ad6383043
jacoco/jacoco-resources/source.gif,354,50257f70adf3ebe4d18bb2432a61370dac06dad7a45f235c8e5f376081251ac3
jacoco/jacoco-resources/up.gif,67,e1ce2c1d5128b701f2dc5bb5f63c5c402d5d8125ad9c3ffc31c6abc7767899a0
jacoco/jacoco-sessions.html,1322904,6588e768ce0f4e05f473dd59243dcd10cdc9c6b83641dd78df7cbc343144af7c
jacoco/jacoco.csv,6414,dd49f90a2d32c0c0c824edbd678044e92dc831af504631f4f0e20a78b6cd6aae
jacoco/jacoco.xml,237063,c901d0efa962372fb78c18820cfa57d1402ec655e19c9c61fc5ec350c883bcde
jacoco/REPORT.md,1998,e14575e66a15668dc12b7afad578882a3416dff882982d1e1704e887e3de0192
lighthouse/lhci-20260730-2115.json,519886,6b2bb07465cffafc235de980bbf323404cafcb5921cdb9cc5dbd0468aae12265
lighthouse/lhci-20260730-2117.json,519751,8a131892db0a676b894c102dd51ce2bc9371b60c420925bbfcaf7eccc44daece
lighthouse/REPORT.md,971,56891fa069671705b1a885d7eb6bce21f4d943b5b75b3bd9e82ae68b8976f403
lighthouse/RESUMEN.md,1359,177dc65db396df2dff2ff624fd7007ea3b98973772768b0fc3523c04f69a80c5
perf/ANALISIS-BOOTSTRAP.md,862,5f6421f08bdb3d999e677ef87d2479c876e009aad0be9445714c0b0cbfc93e3e
perf/ANALISIS-k6.md,3032,7c7ed986d8cda88d2b05b7b57c771a204218d50f0c570a8bdf3602b8658e6c4f
perf/bootstrap.json,309,27ac8ba21f47cd51dd68710193bd3bc9f640476dc1fb57cd39379d39f54d7c81
perf/estadisticas.csv,587,f8ec15e138cce8bf397b29c8cd0c554bc01a235792a73b11b9d0101036d02786
perf/estadisticas.json,1903,5664339204cbf749734f11ff5a5b9b7697eab02a9e0b105ea3f0a8d65f905a51
perf/figuras/fig-error-rate.png,33359,22e4cee6c0e1c2fb98002b2ad2c66059d5ffaec0790e94ed13984f4949518f4c
perf/figuras/fig-media-ic95.png,41205,3f003c1bfabfd507036bebb2179408fb0a349d7d3d7cb2f2a9e1657da98b2b17
perf/figuras/fig-p95-por-corrida.png,34138,b87b56a8ed50de5467aeaca3da1ca33a364a7a50297ab42ba3d351de7ae2efa3
perf/figuras/fig-percentiles-corridas.png,85911,8123a062213e209d859c60792c9cf4ec4178afcedd48aba75923404ea7168d27
perf/k01-run1.json,5303,ee9c2aced6d5f0b35c8753ab3c2e8f8fda0accd97b2bf3ceb6c0bb3fb96e1bf5
perf/k02-run2.json,5201,ecd0f762af967755dc5631e64dcf40e9f06a09abb840176ace8d90056396c29b
perf/k03-run3.json,5198,6b53a028f1020d36e87ae291107722318c8d42cd10552a27071062c8a1839be0
perf/REPORT.md,2301,6bb5234332003bf085895ff99da4a343455026c0882846924ed74ae539a28cfd
zap/RESUMEN.md,1278,4998eeac228a7c2d3d5a89c6394784ee9a40c3374b7ae92723c7c64a26365258
sus/ANALISIS-SUS.md,3058,d5e6747edc5803ba8dd41f374e00c78bb717596830fb82c29be6a3e5b8a0b7f5
sus/estadisticas-item.json,1353,f5ff149bf9106b9163b0ba2aae9ffd2454030334333a66c14c9206ea8672d075
sus/estadisticas-sus.json,192,86e0a30f7664dbf5e7cf8b8529d11ee75236593e725ce417b0cdc8b668c31f2a
sus/figuras/fig-sus-item-respuestas.png,40040,932e998396e5fdd46744c3f057011a9459f480b2a195f393d6ba5538071f748c
sus/figuras/fig-sus-por-participante.png,41168,8569bfcd924eadcd08d4d7732a94f6b6c71c51f7a7a48ab970bf84cba669be33
sus/P01.json,279,58c683657fef0b0fe37c9e960650e1636c68c5f3e9ac0c864cc7db7677970ec4
sus/P02.json,279,54fbb727dfd4bccadf1daf3785e8a14b3098c7b3fe5d178521248805dc2af874
sus/P03.json,279,8ea644841fa4dc684fab09f4f8e7f07c470f0e1dc8c3128148912e2ff8e99935
sus/P04.json,279,a0d2efaf0b7f29640a22dda5811e2fb4aeda98f3cf5edcf295329048232cd633
sus/P05.json,279,8b7f762df89c0b8031235a86839521044fdfa9aa127cc1e901a85e7fdc0e122f
sus/P06.json,280,e1073ef6920efdd9326462e76d1321a4fba68be46a4c37d72d1cf161c0725e73
sus/P07.json,279,80f9e4529f84c321916fdf8748dfb7e708e8d0fcd7a6fd225bc58ff86beaae5b
sus/P08.json,279,567b37c545ce39e2d2dbc65d65f3564cb100a7c15b1e650bcabbde7aef70e112
sus/P09.json,279,f3f51ad2b7232bb465dcedbf27a010b190184bba4d5bb816e42b599c80c4607f
sus/P10.json,280,e35ac15d8d84699ee640d7d2cc005852a67ac51ef8959a11b635d71e7d2ec332
sus/REPORT.md,2508,aa482b1acf561f4caf25c537b659dc381ee38273a358941eeddde0647f4a17ac
sus/sus-raw.csv,735,80ac1cac767f1707ff8bfc2f48a1d3acd7675cda324f0a03bd69876c63ee1abe
